id,focus,signal,slack,drag,confidence,score,lane,kind,invariant
g001,change width,83,23,32,29,119,watch,baseline,monotonic-signal
g002,diagnostic quality,107,55,21,76,337,ship,edge,drag-penalty
g003,review cost,79,39,38,63,171,watch,recovery,confidence-floor
g004,safe rewrite,112,68,6,59,386,ship,negative,lane-boundary
g005,change width,44,15,12,105,265,ship,baseline,monotonic-signal
g006,diagnostic quality,102,61,17,46,289,ship,edge,drag-penalty
g007,review cost,46,52,21,64,188,watch,recovery,confidence-floor
g008,safe rewrite,110,15,24,78,295,ship,negative,lane-boundary
g009,change width,57,34,6,46,216,ship,baseline,monotonic-signal
g010,diagnostic quality,78,46,41,78,194,ship,edge,drag-penalty
g011,review cost,92,54,39,55,192,ship,recovery,confidence-floor
g012,safe rewrite,59,61,18,48,203,ship,negative,lane-boundary
g013,change width,46,67,29,92,227,ship,baseline,monotonic-signal
g014,diagnostic quality,43,72,37,33,76,hold,edge,drag-penalty
g015,review cost,89,42,43,94,236,ship,recovery,confidence-floor
g016,safe rewrite,115,65,26,43,277,ship,negative,lane-boundary
g017,change width,44,9,40,65,67,hold,baseline,monotonic-signal
g018,diagnostic quality,56,18,28,37,92,hold,edge,drag-penalty
g019,review cost,109,25,44,28,123,watch,recovery,confidence-floor
g020,safe rewrite,95,31,12,28,229,ship,negative,lane-boundary
g021,change width,48,37,39,75,127,watch,baseline,monotonic-signal
g022,diagnostic quality,72,77,12,62,297,ship,edge,drag-penalty
g023,review cost,43,30,42,58,64,hold,recovery,confidence-floor
g024,safe rewrite,76,44,17,104,336,ship,negative,lane-boundary
g025,change width,96,61,6,45,319,ship,baseline,monotonic-signal
g026,diagnostic quality,110,29,23,63,283,ship,edge,drag-penalty
g027,review cost,32,51,33,77,137,watch,recovery,confidence-floor
g028,safe rewrite,85,64,39,45,168,watch,negative,lane-boundary
g029,change width,115,38,44,77,246,ship,baseline,monotonic-signal
g030,diagnostic quality,89,28,6,54,290,ship,edge,drag-penalty
g031,review cost,36,60,9,47,190,watch,recovery,confidence-floor
g032,safe rewrite,36,44,33,91,166,watch,negative,lane-boundary
g033,change width,60,73,26,32,153,watch,baseline,monotonic-signal
g034,diagnostic quality,32,20,24,93,174,watch,edge,drag-penalty
g035,review cost,65,66,45,42,100,hold,recovery,confidence-floor
g036,safe rewrite,85,57,14,64,299,ship,negative,lane-boundary
g037,change width,55,20,22,36,114,watch,baseline,monotonic-signal
g038,diagnostic quality,87,39,28,27,155,watch,edge,drag-penalty
g039,review cost,63,51,11,27,187,watch,recovery,confidence-floor
g040,safe rewrite,98,59,25,74,303,ship,negative,lane-boundary
g041,change width,31,66,13,61,198,ship,baseline,monotonic-signal
g042,diagnostic quality,45,72,29,57,160,watch,edge,drag-penalty
g043,review cost,100,77,39,103,327,ship,recovery,confidence-floor
g044,safe rewrite,87,47,24,44,213,ship,negative,lane-boundary
g045,change width,84,70,39,62,206,ship,baseline,monotonic-signal
g046,diagnostic quality,42,14,27,76,142,watch,edge,drag-penalty
g047,review cost,68,23,44,44,71,hold,recovery,confidence-floor
g048,safe rewrite,85,30,33,76,220,ship,negative,lane-boundary
g049,change width,97,36,8,53,304,ship,baseline,monotonic-signal
g050,diagnostic quality,62,42,18,46,186,watch,edge,drag-penalty
g051,review cost,48,12,24,90,192,ship,recovery,confidence-floor
g052,safe rewrite,89,35,29,31,159,watch,negative,lane-boundary
g053,change width,113,49,33,92,327,ship,baseline,monotonic-signal
g054,diagnostic quality,84,66,36,41,172,watch,edge,drag-penalty
g055,review cost,117,34,18,63,322,ship,recovery,confidence-floor
g056,safe rewrite,49,56,11,35,180,watch,negative,lane-boundary
g057,change width,63,69,9,26,211,ship,baseline,monotonic-signal
g058,diagnostic quality,73,43,30,26,121,watch,edge,drag-penalty
g059,review cost,38,33,41,73,91,hold,recovery,confidence-floor
g060,safe rewrite,68,65,7,60,293,ship,negative,lane-boundary
g061,change width,42,49,13,56,193,ship,baseline,monotonic-signal
g062,diagnostic quality,77,8,38,102,214,ship,edge,drag-penalty
g063,review cost,77,25,10,43,225,ship,recovery,confidence-floor
g064,safe rewrite,101,71,40,61,235,ship,negative,lane-boundary
g065,change width,73,62,14,75,302,ship,baseline,monotonic-signal
g066,diagnostic quality,106,25,24,43,227,ship,edge,drag-penalty
g067,review cost,38,44,9,75,234,ship,recovery,confidence-floor
g068,safe rewrite,96,56,24,52,256,ship,negative,lane-boundary
g069,change width,40,64,12,45,186,watch,baseline,monotonic-signal
g070,diagnostic quality,104,71,29,89,341,ship,edge,drag-penalty
g071,review cost,51,77,18,30,167,watch,recovery,confidence-floor
g072,safe rewrite,72,12,35,91,198,ship,negative,lane-boundary
g073,change width,86,52,45,40,124,watch,baseline,monotonic-signal
g074,diagnostic quality,53,75,9,62,269,ship,edge,drag-penalty
g075,review cost,40,19,14,34,111,watch,recovery,confidence-floor
g076,safe rewrite,37,28,18,25,80,hold,negative,lane-boundary
g077,change width,83,35,21,25,167,watch,baseline,monotonic-signal
g078,diagnostic quality,109,41,45,72,223,ship,edge,drag-penalty
g079,review cost,38,47,38,59,89,hold,recovery,confidence-floor
g080,safe rewrite,50,17,36,55,83,hold,negative,lane-boundary
g081,change width,103,40,15,101,388,ship,baseline,monotonic-signal
g082,diagnostic quality,89,54,26,42,212,ship,edge,drag-penalty
g083,review cost,42,71,34,60,139,watch,recovery,confidence-floor
g084,safe rewrite,66,39,40,74,159,watch,negative,lane-boundary
g085,change width,37,61,23,42,127,watch,baseline,monotonic-signal
g086,diagnostic quality,70,74,37,74,214,ship,edge,drag-penalty
g087,review cost,90,48,25,51,230,ship,recovery,confidence-floor
g088,safe rewrite,104,38,41,44,170,watch,negative,lane-boundary
g089,change width,114,70,9,88,438,ship,baseline,monotonic-signal
g090,diagnostic quality,79,54,36,29,126,watch,edge,drag-penalty
g091,review cost,109,13,9,90,375,ship,recovery,confidence-floor
g092,safe rewrite,83,30,39,39,118,watch,negative,lane-boundary
g093,change width,30,76,14,61,202,ship,baseline,monotonic-signal
g094,diagnostic quality,30,67,45,33,13,hold,edge,drag-penalty
g095,review cost,54,30,20,24,106,hold,recovery,confidence-floor
g096,safe rewrite,114,49,30,24,205,ship,negative,lane-boundary
